,Random (baseline),Greedy (baseline),Deep Q Learning,Simple Actor Critic,Advanced Actor Critic
Random (baseline),65.55,12.069999999999999,41.279999999999994,87.6,80.53000000000002
Greedy (baseline),11.489999999999997,19.680000000000003,13.19999999999999,16.329999999999995,11.239999999999997
Deep Q Learning,70.76000000000002,10.139999999999997,4.99999999999999,100.0,100.0
Simple Actor Critic,69.38999999999999,17.990000000000006,100.0,100.0,100.0
Advanced Actor Critic,62.03000000000002,5.99999999999999,100.0,100.0,100.0
