,Random (baseline),Greedy (baseline),DQN small (random),DQN small (random + greedy),DQN large (random),DQN large (random + greedy),DQN large (random + greedy-2)
Random (baseline),68.30100000000022,11.76099999999996,41.58100000000025,68.78100000000015,66.34300000000039,52.89200000000025,44.21900000000028
Greedy (baseline),11.073999999999963,19.34200000000001,11.753999999999955,14.155999999999992,13.354999999999952,13.590999999999932,12.49799999999997
DQN small (random),58.4350000000003,10.787999999999931,99.9999999999986,99.9999999999986,99.9999999999986,16.99999999999978,22.99999999999975
DQN small (random + greedy),59.45700000000032,14.328999999999931,4.999999999999916,99.9999999999986,99.9999999999986,99.9999999999986,4.999999999999916
DQN large (random),64.02300000000034,16.96999999999998,99.9999999999986,13.999999999999758,99.9999999999986,12.99999999999991,99.9999999999986
DQN large (random + greedy),56.71200000000029,12.168999999999986,99.9999999999986,99.9999999999986,18.000000000000313,99.9999999999986,99.9999999999986
DQN large (random + greedy-2),72.13600000000007,10.643999999999942,8.000000000000005,99.9999999999986,99.9999999999986,99.9999999999986,4.999999999999916
